preference_class,scale_class,scale_value,posterior_mass,sign_mismatches,normalized_coefficient_distance,mode_share_deviation,label_flip_rate,order_flip_rate,monotonicity_compliance_rate,dominance_violation_rate,confidence_mean,choice_share_PT,choice_share_CAR,choice_share_SLOW_MODES,ASC_PT_estimate,ASC_CAR_estimate,B_COST_estimate,B_TIME_PT_estimate,B_TIME_CAR_estimate,B_WAIT_estimate,B_DIST_estimate,regime_label
1,1,1.0,4.580985282746965e-13,1,84.27336800309116,0.2672023125874234,0.0,0.0,1.0,0.0,4.892908527276689,0.107091472723311,0.892908527276689,5.590284590053167e-147,-0.3488308353787582,10.191575892638516,-19.86117553958231,-3.5054284426180256,-3.5534934579010358,5.367325794285002,-20.0,label_sensitive
1,2,0.1377241748069929,0.2499951845099934,1,84.27336800309116,0.3117925814152396,0.0,5.546295799226936e-272,1.0,5.546295799226936e-272,4.937498796104505,0.0625012038954948,0.9374987961045051,1.1747813452802809e-30,-0.3488308353787582,10.191575892638516,-19.86117553958231,-3.5054284426180256,-3.5534934579010358,5.367325794285002,-20.0,label_sensitive
2,1,1.0,0.124999725536705,6,46.171440102498224,0.5632062146893324,0.0,1.0,1.0,1.0,4.0,0.875,0.0624999999999331,0.0625000000000668,14.398798606366556,-8.142348370504047,-0.4599236087716152,0.0445513142401143,0.069499755044684,0.4137634836772578,0.0711467161404446,human_like_tradeoff
2,2,0.1377241748069929,0.3750002744633007,6,46.171440102498224,0.5840395327746266,0.0,1.0,1.0,1.0,4.0,0.8749999999999999,0.0416666819146389,0.083333318085361,14.398798606366556,-8.142348370504047,-0.4599236087716152,0.0445513142401143,0.069499755044684,0.4137634836772578,0.0711467161404446,human_like_tradeoff
3,1,1.0,0.2496499126003039,2,72.0252018825173,0.1884723199857549,0.0,0.0,1.0,0.0,4.0,0.1250870020481433,0.8125,0.0624129979518566,1.806092783956054,5.867031696837472,0.7441517733703847,-0.6795345297656454,-1.3110742899935046,-15.925202974520255,-20.0,label_sensitive
3,2,0.1377241748069929,0.0003549028892445,2,72.0252018825173,0.2514553721509004,0.0,4.125003550699822e-248,1.0,4.125003550699822e-248,4.013568470966035,0.0621039498829977,0.8150440883061314,0.1228519618108707,1.806092783956054,5.867031696837472,0.7441517733703847,-0.6795345297656454,-1.3110742899935046,-15.925202974520255,-20.0,label_sensitive
