parameter_name,estimate,std_error,z_value,p_value,robust_std_error,robust_z_value,robust_p_value
ASC_CAR,3.5040370362749447,,,,0.27787225012324124,12.610244580813099,0.0
ASC_PT,2.7003565347729457,,,,0.308267909560414,8.759771779760076,0.0
B_COST,-0.1971545232712727,,,,0.06907334327743013,-2.854277987955643,0.00431347688115169
B_TIME,0.1891694752868795,,,,0.17507674828544353,1.0804945667511445,0.2799220049580575
