indicator_name,human_mean,ai_mean,mean_difference,total_variation_distance
Envir01,2.6977401129943503,4.0,1.3022598870056497,0.8192090395480226
Mobil05,3.3361581920903953,3.176553672316384,-0.15960451977401124,0.6257062146892655
LifSty07,2.2612994350282487,3.4858757062146895,1.2245762711864407,0.5211864406779662
Envir05,3.6059322033898304,4.059322033898305,0.4533898305084749,0.3135593220338983
Mobil12,2.062146892655367,4.168079096045198,2.105932203389831,0.690677966101695
LifSty01,2.610169491525424,2.944915254237288,0.3347457627118642,0.39971751412429385
