choice_code,human_share,ai_share,difference
0,0.3135593220338983,0.04943502824858757,-0.2641242937853107
1,0.6257062146892656,0.9463276836158192,0.32062146892655363
2,0.06073446327683616,0.00423728813559322,-0.05649717514124294
