state_id,preference_class,scale_class,scale_value,posterior_mass,sign_mismatches,normalized_coefficient_distance,mode_share_deviation,label_flip_rate,order_flip_rate,monotonicity_compliance_rate,dominance_violation_rate,confidence_mean,choice_share_PT,choice_share_CAR,choice_share_SLOW_MODES,ASC_PT_estimate,ASC_CAR_estimate,B_COST_estimate,B_TIME_PT_estimate,B_TIME_CAR_estimate,B_WAIT_estimate,B_DIST_estimate,regime_label
C1_S1,1,1,1.0,0.35211030846407015,2,38.597915124272454,0.31212389737258117,0.0026688061420022118,0.003846423383600572,1.0,0.0415159508736911,3.913771249375948,0.05823014094362596,0.9378301120618466,0.003939746994527251,1.9304361973917117,13.52124462558869,0.06368011860339627,-0.48231459582412994,-0.5261354088234443,-0.5209080081521559,-3.6314419467279095,distorted_tradeoff
C1_S2,1,2,0.1353352832366127,0.044630143284176346,2,38.597915124272454,0.25198127472229814,0.03572175835349677,0.07923509091285576,0.9979008945845952,0.08978328559142001,3.578190890108184,0.10896482018435188,0.8776874894115637,0.013347690404084385,1.9304361973917117,13.52124462558869,0.06368011860339627,-0.48231459582412994,-0.5261354088234443,-0.5209080081521559,-3.6314419467279095,low_consistency
C2_S1,2,1,1.0,0.5939440921646539,1,23.75398025676409,0.20185400057531033,0.05870272466263075,0.20679891890231256,0.9335481974771493,0.06740782245384874,3.7797690901647907,0.16145820652932963,0.8275602152645759,0.010981578206094484,5.747914977933076,6.411483250395764,-0.0895043232158953,-0.025010608616520883,-0.033996015215692385,-0.01300548747815733,-0.02992839219024177,human_like_tradeoff
C2_S2,2,2,0.1353352832366127,0.009315456087099692,1,23.75398025676409,0.03261809283577838,0.1449077889982225,0.37919400126498454,0.41627537593863434,0.4120342453639237,3.2443773947548022,0.28367410552609024,0.6229733383612952,0.09335255611261448,5.747914977933076,6.411483250395764,-0.0895043232158953,-0.025010608616520883,-0.033996015215692385,-0.01300548747815733,-0.02992839219024177,human_like_tradeoff
