{
  "n_respondents": 400,
  "n_tasks_per_respondent": 16,
  "n_preference_classes": 3,
  "n_scale_classes": 2,
  "final_loglikelihood": -5611.386666684291,
  "optimizer_success": false,
  "optimizer_message": "STOP: TOTAL NO. of ITERATIONS REACHED LIMIT",
  "posterior_probability_min": 0.9999999999999948,
  "posterior_probability_max": 1.000000000000002,
  "class_masses": {
    "C1_S1": 0.007321595048270354,
    "C1_S2": 0.03056907124243959,
    "C2_S1": 0.21258149560547004,
    "C2_S2": 0.3190380477880464,
    "C3_S1": 0.21650717787291326,
    "C3_S2": 0.21398261244286032
  },
  "n_nonempty_states": 6
}