{
  "n_rows": 7680,
  "n_valid_rows": 7680,
  "n_block_templates": 120,
  "mean_exact_repeat_flip_rate": 0.0013020833333333333,
  "mean_response_entropy": 0.00146441443911148,
  "mean_intervention_gap_tv": 0.0,
  "mean_excess_intervention_gap": -0.001736111111111111,
  "h0_test": {
    "n_templates": 120,
    "bootstrap_repetitions": 200,
    "mean_excess_gap": -0.001736111111111111,
    "bootstrap_mean_excess_gap": -0.0017317708333333334,
    "bootstrap_ci_lower": -0.004340277777777778,
    "bootstrap_ci_upper": 0.0,
    "rejects_pure_randomness_h0": false
  }
}