{
  "n_respondents": 479,
  "n_tasks_per_respondent": 16,
  "n_preference_classes": 2,
  "n_scale_classes": 2,
  "final_loglikelihood": -1364.4245225592767,
  "optimizer_success": true,
  "optimizer_message": "CONVERGENCE: REL_REDUCTION_OF_F_<=_FACTR*EPSMCH",
  "posterior_probability_min": 0.9999999999999991,
  "posterior_probability_max": 1.0000000000000016,
  "class_masses": {
    "C1_S1": 0.3355142845215486,
    "C1_S2": 0.03194677219060578,
    "C2_S1": 0.5119764960751819,
    "C2_S2": 0.12056244721266374
  },
  "n_nonempty_states": 4
}