{
  "n_rows": 736,
  "n_valid_rows": 736,
  "n_block_templates": 12,
  "mean_exact_repeat_flip_rate": 0.0,
  "mean_response_entropy": 0.0,
  "mean_intervention_gap_tv": 0.3333333333333333,
  "mean_excess_intervention_gap": 0.3333333333333333,
  "h0_test": {
    "n_templates": 12,
    "bootstrap_repetitions": 200,
    "mean_excess_gap": 0.3333333333333333,
    "bootstrap_mean_excess_gap": 0.33333333333333326,
    "bootstrap_ci_lower": 0.3333333333333333,
    "bootstrap_ci_upper": 0.3333333333333333,
    "rejects_pure_randomness_h0": true
  }
}