parameter_name,estimate,std_error,z_value,p_value
ASC_PT,4.393072493559628,0.004140826006162051,1060.9169491841008,0.0
ASC_CAR,5.579787501739658,0.10024788893508847,55.65990028331297,0.0
B_COST,-0.04208119801451794,0.005261892256299102,-7.997350756116645,1.2712471689350496e-15
B_TIME_PT,-0.02313340324426001,0.0010257829244634722,-22.551948070650283,1.285027442982597e-112
B_TIME_CAR,-0.026437485380870204,0.0017556725515016254,-15.05832357990574,3.0440853696792414e-51
B_WAIT,0.004422842280543387,0.0048002002717261565,0.9213870318275135,0.3568483968957803
B_DIST,-0.02773509046064045,0.002577591729376399,-10.760078931255125,5.3124644908114176e-27
