{
  "dataset": "ai_pooled",
  "n_rows_long": 19200,
  "n_respondents": 400,
  "n_tasks": 6400,
  "final_loglikelihood": -2606.4001576728588,
  "null_loglikelihood": -7600.345454197599,
  "optimizer_success": false,
  "optimizer_message": "Desired error not necessarily achieved due to precision loss.",
  "choice_share": {
    "CAR": 0.86671875,
    "PT": 0.12390625,
    "SLOW_MODES": 0.009375
  },
  "choice_share_by_model": {
    "poe_gpt54_nano": {
      "CAR": 0.86671875,
      "PT": 0.12390625,
      "SLOW_MODES": 0.009375
    }
  },
  "choice_share_by_prompt_arm": {
    "neutral_arm": {
      "CAR": 0.8497340425531915,
      "PT": 0.13696808510638298,
      "SLOW_MODES": 0.013297872340425532
    },
    "semantic_arm": {
      "CAR": 0.8817806603773585,
      "PT": 0.11232311320754718,
      "SLOW_MODES": 0.00589622641509434
    }
  },
  "choice_share_by_model_prompt_arm": {
    "poe_gpt54_nano|neutral_arm": {
      "CAR": 0.8497340425531915,
      "PT": 0.13696808510638298,
      "SLOW_MODES": 0.013297872340425532
    },
    "poe_gpt54_nano|semantic_arm": {
      "CAR": 0.8817806603773585,
      "PT": 0.11232311320754718,
      "SLOW_MODES": 0.00589622641509434
    }
  },
  "choice_share_by_task_role": {
    "core": {
      "CAR": 0.8804166666666666,
      "PT": 0.11375,
      "SLOW_MODES": 0.005833333333333334
    },
    "dominance": {
      "CAR": 0.83625,
      "PT": 0.1625,
      "SLOW_MODES": 0.00125
    },
    "label_mask_twin": {
      "CAR": 0.88875,
      "PT": 0.1075,
      "SLOW_MODES": 0.00375
    },
    "monotonicity": {
      "CAR": 0.84125,
      "PT": 0.1525,
      "SLOW_MODES": 0.00625
    },
    "order_twin": {
      "CAR": 0.845,
      "PT": 0.1125,
      "SLOW_MODES": 0.0425
    },
    "paraphrase_twin": {
      "CAR": 0.88125,
      "PT": 0.115,
      "SLOW_MODES": 0.00375
    }
  }
}