{
  "n_respondents": 400,
  "n_tasks_per_respondent": 16,
  "n_preference_classes": 3,
  "n_scale_classes": 2,
  "final_loglikelihood": -2208.191651748024,
  "optimizer_success": false,
  "optimizer_message": "STOP: TOTAL NO. of ITERATIONS REACHED LIMIT",
  "posterior_probability_min": 0.9999999999999751,
  "posterior_probability_max": 1.0000000000000013,
  "class_masses": {
    "C1_S1": 0.12209991511871271,
    "C1_S2": 0.023086449798001615,
    "C2_S1": 0.42596411785360694,
    "C2_S2": 0.012668503486290268,
    "C3_S1": 0.3286558495489696,
    "C3_S2": 0.08752516419441875
  },
  "n_nonempty_states": 6
}