parameter_name,estimate,std_error,z_value,p_value
ASC_PT,-0.1340994639531583,0.032454330439628004,-4.131943630838787,3.597086446956093e-05
ASC_CAR,0.12933637446830534,0.24431678899482,0.529379806440758,0.5965420036172768
B_COST,-0.15881978970361088,0.019218996129496995,-8.263688104908711,1.4123935333674547e-16
B_TIME_PT,-0.0070899733113043975,0.00387458432882588,-1.8298668217276564,0.06726985574944803
B_TIME_CAR,-0.02710772088133098,0.00624054622418039,-4.3438057996103066,1.4003531779841937e-05
B_WAIT,-0.040804691240436806,0.010929861694463479,-3.733321827951988,0.00018897088536573805
B_DIST,-0.26264378166446556,0.026891821071182372,-9.76667890840305,1.5649811635963827e-22
