{
  "n_rows": 6400,
  "n_valid_rows": 6400,
  "n_block_templates": 100,
  "mean_exact_repeat_flip_rate": 0.07302083333333333,
  "mean_response_entropy": 0.08057542330394213,
  "mean_intervention_gap_tv": 0.06291666666666666,
  "mean_excess_intervention_gap": -0.025277777777777777,
  "h0_test": {
    "n_templates": 100,
    "bootstrap_repetitions": 200,
    "mean_excess_gap": -0.025277777777777777,
    "bootstrap_mean_excess_gap": -0.025000694444444443,
    "bootstrap_ci_lower": -0.04061979166666666,
    "bootstrap_ci_upper": -0.009762152777777769,
    "rejects_pure_randomness_h0": false
  }
}