parameter_name,human_estimate,std_error_human,z_value_human,p_value_human,robust_std_error_human,robust_z_value_human,robust_p_value_human,ai_estimate,std_error_ai,z_value_ai,p_value_ai,robust_std_error_ai,robust_z_value_ai,robust_p_value_ai,run_label,difference_ai_minus_human,sign_match
ASC_CAR,-0.1546326719892632,,,,0.0581634159301985,-2.6585899317680504,0.0078468405310971,-0.6406882613384434,,,,0.0360700798217442,-17.76231892207277,0.0,ai_run_02,-0.48605558934918014,1
ASC_TRAIN,-0.7011872849436409,,,,0.0825620075912611,-8.492856525667367,0.0,-1.220768304669359,,,,0.0455883789243344,-26.77805909035581,0.0,ai_run_02,-0.519581019725718,1
B_COST,-1.0837900371207712,,,,0.06822502323905,-15.885520966747592,0.0,-0.0371210146186507,,,,0.004495942860833,-8.25655836110261,2.220446049250313e-16,ai_run_02,1.0466690225021205,1
B_TIME,-1.277858956519671,,,,0.1042544189496028,-12.257120315805462,0.0,-0.3866132347639601,,,,0.0371301274110378,-10.412386429060016,0.0,ai_run_02,0.8912457217557108,1
