parameter_name,estimate,std_error,z_value,p_value,robust_std_error,robust_z_value,robust_p_value
ASC_CAR,-0.6406882613384434,,,,0.03607007982174427,-17.76231892207277,0.0
ASC_TRAIN,-1.220768304669359,,,,0.04558837892433443,-26.778059090355814,0.0
B_COST,-0.037121014618650715,,,,0.004495942860833052,-8.25655836110261,2.220446049250313e-16
B_TIME,-0.38661323476396015,,,,0.037130127411037876,-10.412386429060017,0.0
