{
  "human_benchmark_final_loglikelihood": -5331.252006916162,
  "human_time_cost_ratio": 1.1790650520413244,
  "ai_runs": [
    {
      "run_label": "ai_run_01",
      "final_loglikelihood": -5814.092947074035,
      "sign_match_rate": 1.0,
      "n_sign_matches": 4,
      "n_compared_parameters": 4,
      "human_time_cost_ratio": 1.1790650520413244,
      "ai_time_cost_ratio": 12.935393689637081,
      "time_cost_ratio_difference": 11.756328637595757
    },
    {
      "run_label": "ai_run_02",
      "final_loglikelihood": -5648.5317984037,
      "sign_match_rate": 1.0,
      "n_sign_matches": 4,
      "n_compared_parameters": 4,
      "human_time_cost_ratio": 1.1790650520413244,
      "ai_time_cost_ratio": 10.414942553044176,
      "time_cost_ratio_difference": 9.235877501002852
    },
    {
      "run_label": "ai_run_03",
      "final_loglikelihood": -5746.913402537184,
      "sign_match_rate": 1.0,
      "n_sign_matches": 4,
      "n_compared_parameters": 4,
      "human_time_cost_ratio": 1.1790650520413244,
      "ai_time_cost_ratio": 12.176601162816187,
      "time_cost_ratio_difference": 10.997536110774863
    }
  ],
  "n_ai_runs_completed": 3
}