state_id,preference_class,scale_class,scale_value,posterior_mass,sign_mismatches,normalized_coefficient_distance,mode_share_deviation,label_flip_rate,order_flip_rate,monotonicity_compliance_rate,dominance_violation_rate,confidence_mean,choice_share_PT,choice_share_CAR,choice_share_SLOW_MODES,ASC_PT_estimate,ASC_CAR_estimate,B_COST_estimate,B_TIME_PT_estimate,B_TIME_CAR_estimate,B_WAIT_estimate,B_DIST_estimate,regime_label
C1_S1,1,1,1.0,0.00016945404230971222,3,4.045472799294381,0.3479403474970772,0.0,0.0,1.0,1.6888458362064314e-99,4.952709556062142,7.070281447907061e-06,0.971087946564147,0.028904983154405383,-0.11490448349748168,0.29383893856895055,-0.8061094977069154,-1.1501486668520151,1.174193675405403,-0.4112710292959161,-1.0745434612693636,label_sensitive
C1_S2,1,2,7.38905609893065,0.002271897691637116,3,4.045472799294381,0.3729288113171508,0.0,0.0,1.0,0.0,4.995342805312764,3.3865861258844196e-06,0.9960764103842206,0.003920203029653738,-0.11490448349748168,0.29383893856895055,-0.8061094977069154,-1.1501486668520151,1.174193675405403,-0.4112710292959161,-1.0745434612693636,label_sensitive
C2_S1,2,1,1.0,0.010966439485057463,4,3.0261191451451186,0.3208631705849131,0.0,0.0,1.0,5.03941393698867e-77,4.738338735209256,8.727463639605253e-07,0.7631427930358289,0.23685633421780725,0.005506025867916266,-0.2541430047555491,-0.933943542649265,-0.6373933068772143,0.7219088724292212,-0.5481763695218533,0.25536355267947924,label_sensitive
C2_S2,2,2,7.38905609893065,0.09893460404521755,4,3.0261191451451186,0.32086404333127666,0.0,0.0,1.0,0.0,4.9323255791800396,3.4277226348593106e-16,0.934516876689209,0.06548312331079066,0.005506025867916266,-0.2541430047555491,-0.933943542649265,-0.6373933068772143,0.7219088724292212,-0.5481763695218533,0.25536355267947924,label_sensitive
C3_S1,3,1,1.0,0.04526716820398401,1,0.742411271634969,0.073657570181699,0.0,0.0,1.0,0.2781283266102398,4.852619475075778,0.3660200222938756,0.5494900288853707,0.0844899488207537,0.25013017070417937,0.33834509557672426,-0.00446022069727378,-0.03434886978654012,-0.034843977796918175,-0.008998004152704549,-0.37972897123922994,human_like_tradeoff
C3_S2,3,2,7.38905609893065,0.8423904365317942,1,0.742411271634969,0.3038073242917107,0.0,0.0,1.0,0.034516755726026006,4.918671088444619,0.06998194946022548,0.9269549233587804,0.0030631271809941,0.25013017070417937,0.33834509557672426,-0.00446022069727378,-0.03434886978654012,-0.034843977796918175,-0.008998004152704549,-0.37972897123922994,human_like_tradeoff
