{
  "closure_calls": 260,
  "loss_history": [
    5353.964365493136,
    38652.22891328131,
    4182.292491976902,
    4038.4027627755404,
    3900.4978645380256,
    3744.2581710412405,
    3505.0625081980747,
    3356.603161088029,
    3316.7774146096244,
    3287.7831182283326,
    3279.6716525400943,
    3255.07385386207,
    3241.1323572318884,
    3224.033058886843,
    3208.2124215228014,
    3192.4648131637605,
    3171.524387264317,
    3141.345463952004,
    3112.9769685954143,
    3083.9643659691556,
    3078.4851301291706,
    3069.7722026428737,
    3060.1743012717743,
    3035.2478821893073,
    3010.1101281726383,
    2995.7619664849644,
    2983.6375539884657,
    2977.218000539273,
    2973.194018344774,
    2969.445685431797,
    2960.873250640129,
    2944.8535253072946,
    2916.644552592049,
    2900.6761265346004,
    2879.2513771280865,
    2870.285257830262,
    2868.285375097593,
    2866.6666972195344,
    2865.852914552458,
    2864.628939067652,
    2862.4883276917253,
    2858.4590447908035,
    2852.3810904530505,
    2844.6725244014056,
    2840.6369907492017,
    2839.4660250512006,
    2838.779125202019,
    2838.5015633990693,
    2838.065216994131,
    2837.640912263135,
    2836.789032321277,
    2835.7171867017323,
    2833.724280669947,
    2831.3612631946517,
    2826.4677513020597,
    3885.0988133405035,
    2821.95832387711,
    2820.5439460114967,
    2816.2161281726376,
    2809.3898403025732,
    2803.7726691451853,
    2799.946531627824,
    2797.4524935628388,
    2796.6507820679576,
    2795.4211938200137,
    2794.926655402163,
    2793.7378725982635,
    2791.6530750706343,
    2786.9575863363943,
    2779.087683256058,
    2769.5607728566188,
    2761.555895731428,
    2754.598179126834,
    2753.7929146140505,
    2753.231162737611,
    2752.982720833401,
    2752.8233580324268,
    2752.63572176544,
    2752.3885013612376,
    2751.9938745754616,
    2751.3718886164625,
    2750.3128233137986,
    2748.7620928431415,
    2746.9111201724463,
    2745.2492422386467,
    2744.830107536061,
    2744.657724603226,
    2744.5834979960437,
    2743.962565287502,
    2741.918072285991,
    2739.6027468886127,
    2736.4706587092937,
    2733.4020289205882,
    2730.9717266028806,
    2730.283744131155,
    2729.6451247450377,
    2728.4016287529016,
    2726.2226120689243,
    2723.811258466071,
    2722.7075500411675,
    2722.447127009169,
    2722.3822826932355,
    2722.2636629051476,
    2721.8953578334276,
    2721.2655993042727,
    2719.7835407739094,
    2717.5799147964713,
    2715.479841570309,
    2720.8985977490884,
    2714.6777597464716,
    2714.0130208780447,
    2713.57875612491,
    2713.40178545993,
    2713.1110388863217,
    2712.5889189950385,
    2711.8047737620846,
    2708.6516621041783,
    2706.611960672145,
    2704.9229525016235,
    2704.685718680188,
    2704.5053995018106,
    2704.396155073219,
    2704.3093944908724,
    2704.137444726245,
    2703.5167646225373,
    2702.624242903581,
    2700.6795177375166,
    2698.8407441458958,
    2698.046577416187,
    2697.0157147065684,
    2696.926815558574,
    2696.8954583398695,
    2696.8505625134876,
    2696.6891366625887,
    2696.330949340206,
    2695.386612360589,
    2693.4057312703717,
    2690.040770140152,
    2687.1300525587103,
    2685.5512840995452,
    2684.610735094934,
    2684.2839880302945,
    2684.189608980947,
    2684.1394660291844,
    2684.104328376593,
    2684.0541865583987,
    2683.7907616670072,
    2683.433505030755,
    2682.7103338980887,
    2682.5817443059655,
    2681.4762264119613,
    2681.033228102254,
    2680.5903246909074,
    2680.4050920242353,
    2680.379702827767,
    2680.3673864256525,
    2680.359650411173,
    2680.3234169457037,
    2680.28356226298,
    2680.146808511803,
    2679.864040336227,
    2679.1997093134787,
    2678.156820246667,
    2682.291597135359,
    2677.768149390601,
    2676.9743628460174,
    2676.479232144299,
    2676.4098106972033,
    2676.379831159309,
    2676.3705100614357,
    2676.345008458955,
    2676.300892742011,
    2676.190114366634,
    2675.959472664842,
    2675.5058532401936,
    2675.0193081214143,
    2674.7983038076427,
    2674.698791001835,
    2674.501345335574,
    2674.405301140286,
    2674.3142043885173,
    2674.2695295545245,
    2674.2531197241083,
    2674.2481404520713,
    2674.2404814115744,
    2674.2221882169033,
    2674.1765620201177,
    2674.072690415138,
    2673.8529463892387,
    2673.9134571819295,
    2673.722640101153,
    2673.3771393234415,
    2673.2139341640977,
    2673.1268995034916,
    2673.1133995743894,
    2673.1062053864603,
    2673.103349681921,
    2673.1018209791664,
    2673.097218177025,
    2673.077221287893,
    2673.0595064003546,
    2673.0100222741175,
    2672.829266853158,
    2672.5620781721636,
    2672.24597024786,
    2672.099978798502,
    2672.0621306446974,
    2672.0291566347355,
    2672.025269347463,
    2672.0239001315185,
    2672.021904475741,
    2672.019715884489,
    2672.0156922073847,
    2672.0098544872662,
    2671.9996705018307,
    2671.973885420208,
    2671.929918475485,
    2671.86970583529,
    2672.2174935713574,
    2671.862189536,
    2671.803844664969,
    2671.753810842698,
    2671.701984938856,
    2671.63915670987,
    2671.5685823907816,
    2671.496912300834,
    2671.4461693802964,
    2671.4367680015916,
    2671.435136350326,
    2671.431585655224,
    2671.4257899534555,
    2671.412361179766,
    2671.37492835241,
    2671.301159163823,
    2671.063016416335,
    2671.302544638607,
    2670.9831512044375,
    2670.7783780838013,
    2670.692839446886,
    2670.6978227380746,
    2670.679330593166,
    2670.675492494599,
    2670.6743192482363,
    2670.6735948166192,
    2670.6728785127107,
    2670.6708433267286,
    2670.666046396153,
    2670.6573867712796,
    2670.636079584082,
    2670.5412521304384,
    2670.422279598326,
    2670.29935899387,
    2670.239146579105,
    2670.2158426567516,
    2670.213379398294,
    2670.2099887808863,
    2670.20491667454,
    2670.1959151191013,
    2670.1817677013105,
    2670.147324889953
  ]
}