{
  "sample_size": 276,
  "n_respondents": 46,
  "completed_respondents": 46,
  "target_respondents": 96,
  "is_partial_sample": true,
  "normalization": {
    "ref_pro_car_indicator": "Mobil10",
    "ref_env_indicator": "Envir05"
  },
  "indicator_mapping": {
    "paper_pro_car_items_8_9_10": [
      "Mobil10",
      "Mobil11",
      "Mobil16"
    ],
    "paper_environment_items_1_2_4_5": [
      "Envir01",
      "Envir02",
      "Envir05",
      "Envir06"
    ]
  },
  "selection_rule": "fixed repository normalization with ref_pro_car_indicator=Mobil10 and ref_env_indicator=Envir05",
  "metrics": {
    "joint_log_likelihood": -2154.2463759075345,
    "choice_log_likelihood": -0.004314986657782519,
    "market_shares": {
      "PT": 0.9999632074203718,
      "PMM": 2.045385496688803e-05,
      "SM": 1.6338724661151596e-05
    },
    "elasticities": {
      "PMM_cost": 0.00046010759409129836,
      "PMM_time": -2.361168393182636e-07,
      "PT_cost": 5.248841725242039e-13,
      "PT_time": 0.0001632294325065333
    },
    "value_of_time_chf_per_hour": {
      "PMM": 2576.989434424844,
      "PT": 7717.224576387676
    },
    "mean_acar": 2.4032637645527104,
    "mean_aenv": 3.6295325338824873
  },
  "optimizer_success": false,
  "optimizer_message": "STOP: TOTAL NO. of ITERATIONS REACHED LIMIT"
}