respondent_id,posterior_distortion_score,posterior_distortion_score_v2
DS0001_R1,19.656188346242264,21.656188346242324
DS0001_R2,19.656188346242264,21.656188346242324
QW0001_R1,12.507923891107982,12.50792389110798
QW0001_R2,12.507923891107982,12.50792389110798
