respondent_id,posterior_distortion_score
DS0001_R1,19.656188346242264
DS0001_R2,19.656188346242264
QW0001_R1,12.507923891107982
QW0001_R2,12.507923891107982
