parameter_name,estimate,std_error,z_value,p_value
ASC_PT,2.031334334733559,0.17198710927395078,11.810968527286164,3.425919298426852e-32
ASC_CAR,1.463911413567739,0.5707565782660541,2.5648612198479945,0.010321707973876633
B_COST,-0.03153936466398407,0.06070383594593466,-0.5195613122715067,0.6033693687388961
B_TIME_PT,-0.009409353914834205,0.021100008626247432,-0.4459407615184292,0.6556400372434856
B_TIME_CAR,0.0006995787880552588,0.022891702809982716,0.030560364768940796,0.9756201517066518
B_WAIT,0.09956978594693941,0.0747083743752494,1.332779447814173,0.182604192158364
B_DIST,-1.4968783821556768,0.08449356103109892,-17.71588703196841,3.1620339131823414e-70
