preference_class,scale_class,scale_value,posterior_mass,sign_mismatches,normalized_coefficient_distance,mode_share_deviation,label_flip_rate,order_flip_rate,monotonicity_compliance_rate,dominance_violation_rate,confidence_mean,choice_share_PT,choice_share_CAR,choice_share_SLOW_MODES,ASC_PT_estimate,ASC_CAR_estimate,B_COST_estimate,B_TIME_PT_estimate,B_TIME_CAR_estimate,B_WAIT_estimate,B_DIST_estimate,regime_label
1,1,1.0,4.580985282746964e-13,1,84.27336800309116,0.26720231258742344,0.0,0.0,1.0,0.0,4.892908527276689,0.10709147272331102,0.892908527276689,5.590284590053167e-147,-0.34883083537875825,10.191575892638516,-19.86117553958231,-3.5054284426180256,-3.5534934579010353,5.367325794285002,-20.0,label_sensitive
1,2,0.1377241748069929,0.24999518450999342,1,84.27336800309116,0.31179258141523963,0.0,5.546295799226936e-272,1.0,5.546295799226936e-272,4.937498796104505,0.0625012038954948,0.9374987961045051,1.1747813452802807e-30,-0.34883083537875825,10.191575892638516,-19.86117553958231,-3.5054284426180256,-3.5534934579010353,5.367325794285002,-20.0,label_sensitive
2,1,1.0,0.12499972553670508,6,46.171440102498224,0.5632062146893324,0.0,1.0,1.0,1.0,4.0,0.875,0.06249999999993314,0.06250000000006686,14.398798606366556,-8.142348370504047,-0.45992360877161526,0.04455131424011433,0.06949975504468407,0.4137634836772578,0.0711467161404446,human_like_tradeoff
2,2,0.1377241748069929,0.37500027446330075,6,46.171440102498224,0.5840395327746266,0.0,1.0,1.0,1.0,4.0,0.8749999999999999,0.04166668191463894,0.08333331808536106,14.398798606366556,-8.142348370504047,-0.45992360877161526,0.04455131424011433,0.06949975504468407,0.4137634836772578,0.0711467161404446,human_like_tradeoff
3,1,1.0,0.24964991260030395,2,72.0252018825173,0.18847231998575495,0.0,0.0,1.0,0.0,4.0,0.12508700204814333,0.8125,0.06241299795185666,1.806092783956054,5.867031696837472,0.7441517733703847,-0.6795345297656454,-1.3110742899935046,-15.925202974520255,-20.0,label_sensitive
3,2,0.1377241748069929,0.00035490288924451037,2,72.0252018825173,0.25145537215090047,0.0,4.125003550699822e-248,1.0,4.125003550699822e-248,4.013568470966035,0.06210394988299775,0.8150440883061314,0.12285196181087074,1.806092783956054,5.867031696837472,0.7441517733703847,-0.6795345297656454,-1.3110742899935046,-15.925202974520255,-20.0,label_sensitive
