respondent_id,posterior_distortion_score
DS0001,47.734646362933624
DS0002,47.75547963527285
DS0003,47.75547963527285
DS0004,47.75547963527285
QW0001,72.21384995249255
QW0002,72.2136748490972
QW0003,84.58468641275324
QW0004,84.58516058450626
