{
  "n_respondents": 8,
  "n_tasks_per_respondent": 16,
  "n_preference_classes": 3,
  "n_scale_classes": 2,
  "final_loglikelihood": -1570.5901735343093,
  "optimizer_success": false,
  "optimizer_message": "STOP: TOTAL NO. OF ITERATIONS REACHED LIMIT",
  "posterior_probability_min": 1.0,
  "posterior_probability_max": 1.0000000000000462,
  "class_masses": {
    "C1_S1": 4.580985282746964e-13,
    "C1_S2": 0.24999518450999342,
    "C2_S1": 0.12499972553670508,
    "C2_S2": 0.37500027446330075,
    "C3_S1": 0.24964991260030395,
    "C3_S2": 0.00035490288924451037
  }
}