respondent_id,most_likely_state,posterior_c1_s1,posterior_c1_s2,posterior_c2_s1,posterior_c2_s2,posterior_c3_s1,posterior_c3_s2
DS0001,2,0.0,0.0,0.9999978042925708,2.195707475295267e-06,0.0,0.0
DS0002,3,0.0,3.0127858254314442e-307,1.0697971571534025e-12,0.9999999999989306,0.0,1.1711805426297845e-250
DS0003,3,0.0,0.0,1.2114301641315407e-29,1.0,0.0,0.0
DS0004,3,0.0,1.1092377933397913e-271,3.6473274479529584e-27,1.0,0.0,4.068076443545032e-281
QW0001,4,1.638976731737645e-157,1.879613946702349e-29,9.79026405803221e-217,5.187246220065692e-40,0.9972095669634538,0.0027904330365461937
QW0002,4,9.631280489228836e-166,1.5130430530258161e-34,3.2282642815916083e-159,3.852655404703728e-36,0.9999897338389779,1.0266161022081546e-05
QW0003,1,5.250476792971828e-13,0.9999614760830872,3.822962156580688e-197,3.0961583481556588e-30,1.2532087506139426e-17,3.852391638780756e-05
QW0004,1,3.1397405469003883e-12,0.9999999999968603,4.215785621079922e-236,6.765387505261886e-36,0.0,2.6202755832472083e-73
