state_id,preference_class,scale_class,scale_value,posterior_mass,sign_mismatches,normalized_coefficient_distance,mode_share_deviation,label_flip_rate,order_flip_rate,monotonicity_compliance_rate,dominance_violation_rate,confidence_mean,choice_share_PT,choice_share_CAR,choice_share_SLOW_MODES,ASC_PT_estimate,ASC_CAR_estimate,B_COST_estimate,B_TIME_PT_estimate,B_TIME_CAR_estimate,B_WAIT_estimate,B_DIST_estimate,regime_label
C1_S1,1,1,1.0,0.08695348308037397,4,23.39281359874836,0.554135956668723,0.0,1.0,1.0,1.0,4.0,0.875,0.125,2.056945422322519e-20,5.666508861140895,11.265388512786847,-0.26795381859500106,0.3881501810973548,0.31160655442764595,-0.5695147408609572,0.14454645665369326,human_like_tradeoff
C1_S2,1,2,0.1353352832366127,0.2213695838891829,4,23.39281359874836,0.554135956668723,0.0,1.0,1.0,0.8991899059006135,4.0,0.8749999999999998,0.08654655834256723,0.03845344165743274,5.666508861140895,11.265388512786847,-0.26795381859500106,0.3881501810973548,0.31160655442764595,-0.5695147408609572,0.14454645665369326,human_like_tradeoff
C2_S1,2,1,1.0,9.123793820812044e-11,2,29.375079666913447,0.5606475946168397,0.0,1.0,1.0,0.9999999999999999,4.0,0.8749999999999997,0.0625000044502299,0.06249999554977003,14.87712228442826,5.676323802023819,1.439389572608888,-0.17686613398515874,-0.7257724108512786,0.04177429179650735,-0.3746499950300012,label_sensitive
C2_S2,2,2,0.1353352832366127,0.6047204111996672,2,29.375079666913447,0.5784372570768643,0.0,1.0,1.0,0.7852600605902298,4.0,0.8750000000000001,0.0447103419902054,0.08028965800979461,14.87712228442826,5.676323802023819,1.439389572608888,-0.17686613398515874,-0.7257724108512786,0.04177429179650735,-0.3746499950300012,label_sensitive
C3_S1,3,1,1.0,0.08695135517887494,2,40.988461032596746,0.5606475990670696,0.0,1.0,1.0,1.0,4.0,0.875,0.0625,0.0625,10.345132305231065,17.141947362470724,1.6002636744305963,-0.30514989645972496,-1.3635661426312085,8.756460655575294,-0.7831894382068703,label_sensitive
C3_S2,3,2,0.1353352832366127,5.166560663170366e-06,2,40.988461032596746,0.5606475990670683,0.0,1.0,1.0,1.0,4.0,0.8749999999999998,0.06250000000000124,0.06249999999999874,10.345132305231065,17.141947362470724,1.6002636744305963,-0.30514989645972496,-1.3635661426312085,8.756460655575294,-0.7831894382068703,label_sensitive
