{
  "sample_size": 1906,
  "normalization": {
    "ref_pro_car_indicator": "Mobil10",
    "ref_env_indicator": "Envir05"
  },
  "indicator_mapping": {
    "paper_pro_car_items_8_9_10": [
      "Mobil10",
      "Mobil11",
      "Mobil16"
    ],
    "paper_environment_items_1_2_4_5": [
      "Envir01",
      "Envir02",
      "Envir05",
      "Envir06"
    ]
  },
  "selection_rule": "best paper-matching local optimum retained from normalization search and post-search refinements",
  "metrics": {
    "joint_log_likelihood": -18776.464458502865,
    "choice_log_likelihood": -1067.4900885747925,
    "market_shares": {
      "PT": 0.31495189971384197,
      "PMM": 0.6294264308598255,
      "SM": 0.055621669426332614
    },
    "elasticities": {
      "PMM_cost": -0.060821161894461115,
      "PMM_time": -0.24029840145319717,
      "PT_cost": -0.20949889019676676,
      "PT_time": -0.4712892398870716
    },
    "value_of_time_chf_per_hour": {
      "PMM": 31.016862585551387,
      "PT": 12.553748128677842
    },
    "mean_acar": 2.8423248457427697,
    "mean_aenv": 3.577255510480617
  },
  "optimizer_success": false,
  "optimizer_message": "STOP: TOTAL NO. of ITERATIONS REACHED LIMIT"
}