state_id,preference_class,scale_class,scale_value,posterior_mass,sign_mismatches,normalized_coefficient_distance,mode_share_deviation,label_flip_rate,order_flip_rate,monotonicity_compliance_rate,dominance_violation_rate,confidence_mean,choice_share_PT,choice_share_CAR,choice_share_SLOW_MODES,ASC_PT_estimate,ASC_CAR_estimate,B_COST_estimate,B_TIME_PT_estimate,B_TIME_CAR_estimate,B_WAIT_estimate,B_DIST_estimate,regime_label
C1_S1,1,1,1.0,0.3355142845215486,0,19.147494817700377,0.2786316185469693,0.0,0.02009398646412694,0.9999943950591841,2.485487150053001e-07,4.440539751290892,0.03492770348692896,0.8900120465872116,0.07506024992585938,-0.6769324575952678,7.034697106212384,-0.03132406046317377,-0.013735411583912052,-0.09248311464308706,-0.3995414757814964,-0.07721200844323094,human_like_tradeoff
C1_S2,1,2,0.1353352832366127,0.03194677219060578,0,19.147494817700377,0.28332051054413565,0.0,0.10262891757033621,0.9629244382263807,9.243874863690826e-06,4.2312419926306815,0.08526968298042342,0.5706753431986048,0.34405497382097183,-0.6769324575952678,7.034697106212384,-0.03132406046317377,-0.013735411583912052,-0.09248311464308706,-0.3995414757814964,-0.07721200844323094,human_like_tradeoff
C2_S1,2,1,1.0,0.5119764960751819,2,20.98406512015871,0.2838287127031064,0.0,0.00867886119131777,0.9999992716990804,0.013722034289518344,4.50838002888805,0.055113220528238804,0.909534927392372,0.03535185207938932,-3.6364038503625413,-6.0539095955849485,-0.6582590295211819,-0.2695139113554487,-0.221772121597951,0.06494386403671121,-2.904337106814374,label_sensitive
C2_S2,2,2,0.1353352832366127,0.12056244721266374,2,20.98406512015871,0.17604977331358782,0.0,0.061850212455980144,0.9319201436406401,0.010990096679260956,4.400233025321558,0.13750954872031043,0.7617969433579075,0.10069350792178206,-3.6364038503625413,-6.0539095955849485,-0.6582590295211819,-0.2695139113554487,-0.221772121597951,0.06494386403671121,-2.904337106814374,label_sensitive
