{
  "n_rows": 7680,
  "n_valid_rows": 7680,
  "n_block_templates": 120,
  "mean_exact_repeat_flip_rate": 0.03376736111111111,
  "mean_response_entropy": 0.03699254862398232,
  "mean_intervention_gap_tv": 0.027083333333333334,
  "mean_excess_intervention_gap": -0.010243055555555554,
  "h0_test": {
    "n_templates": 120,
    "bootstrap_repetitions": 200,
    "mean_excess_gap": -0.010243055555555554,
    "bootstrap_mean_excess_gap": -0.010971643518518516,
    "bootstrap_ci_lower": -0.029247685185185182,
    "bootstrap_ci_upper": 0.005794270833333336,
    "rejects_pure_randomness_h0": false
  }
}