parameter_name,estimate,std_error,z_value,p_value,robust_std_error,robust_z_value,robust_p_value
ASC_CAR,3.1204688460829995,,,,0.24231119495707792,12.877939241048056,0.0
ASC_PT,2.7111458718376853,,,,0.3148828455244207,8.610014519280703,0.0
B_COST,-0.6134594128220207,,,,0.09651381736624101,-6.356182249989408,2.068296645063583e-10
B_TIME,-0.3391399241707599,,,,0.1609157671876082,-2.10756180141977,0.03506891064680784
