parameter_name,estimate,std_error,z_value,p_value
ASC_PT,-0.13409963328727,0.39049738999777156,-0.3434072460459602,0.7312921090594412
ASC_CAR,0.12933610763688058,0.3697831583554885,0.3497620286766663,0.7265172979686281
B_COST,-0.15881979046696867,0.022961290124659334,-6.916849602296684,4.617978909021373e-12
B_TIME_PT,-0.007089974447441228,0.005386395460969725,-1.3162743988657684,0.18808196035946323
B_TIME_CAR,-0.027107722024929348,0.012025971320602874,-2.2540983428497325,0.024189981907314233
B_WAIT,-0.04080469158648544,0.010838026121503233,-3.7649560103501423,0.00016657840570761132
B_DIST,-0.2626437991049968,0.017007862791954566,-15.442492823333355,8.475995204554816e-54
