parameter_name,estimate,std_error,z_value,p_value,robust_std_error,robust_z_value,robust_p_value
ASC_CAR,9.046060232553385,,,,1.0824147271177729,8.35729596606747,0.0
ASC_PT,2.382306565951421,,,,1.098051572187136,2.16957620779711,0.030038965395830397
B_COST,-0.07290641825542368,,,,0.15934523293228336,-0.4575374921093911,0.6472847605318433
B_TIME,0.1599818764599318,,,,0.7863094086839064,0.20345919137315568,0.838776139115335
