{
  "n_respondents": 480,
  "n_tasks_per_respondent": 16,
  "n_preference_classes": 3,
  "n_scale_classes": 2,
  "final_loglikelihood": -1782.4036321888516,
  "optimizer_success": false,
  "optimizer_message": "STOP: TOTAL NO. of ITERATIONS REACHED LIMIT",
  "posterior_probability_min": 0.9999999999999991,
  "posterior_probability_max": 1.0000000000000018,
  "class_masses": {
    "C1_S1": 0.44071632749548506,
    "C1_S2": 0.15828321331356912,
    "C2_S1": 0.18927560469567534,
    "C2_S2": 0.05877031663071621,
    "C3_S1": 0.12546456964096767,
    "C3_S2": 0.02748996822358663
  },
  "n_nonempty_states": 6
}