{
  "n_rows": 7680,
  "n_valid_rows": 7680,
  "n_block_templates": 120,
  "mean_exact_repeat_flip_rate": 0.09600694444444444,
  "mean_response_entropy": 0.10598452111919879,
  "mean_intervention_gap_tv": 0.013541666666666667,
  "mean_excess_intervention_gap": -0.10682870370370369,
  "h0_test": {
    "n_templates": 120,
    "bootstrap_repetitions": 200,
    "mean_excess_gap": -0.10682870370370369,
    "bootstrap_mean_excess_gap": -0.10631626157407405,
    "bootstrap_ci_lower": -0.13324652777777776,
    "bootstrap_ci_upper": -0.08165219907407406,
    "rejects_pure_randomness_h0": false
  }
}