{
  "dataset": "human",
  "n_rows_long": 2124,
  "n_respondents": 708,
  "n_tasks": 708,
  "final_loglikelihood": -328.0477345157766,
  "null_loglikelihood": -730.9414243423039,
  "optimizer_success": false,
  "optimizer_message": "Desired error not necessarily achieved due to precision loss.",
  "choice_share": {
    "CAR": 0.6257062146892656,
    "PT": 0.3135593220338983,
    "SLOW_MODES": 0.06073446327683616
  }
}