parameter_name,estimate,std_error,z_value,p_value,robust_std_error,robust_z_value,robust_p_value
ASC_CAR,-0.15463267198926325,,,,0.05816341593019853,-2.6585899317680504,0.007846840531097188
ASC_TRAIN,-0.7011872849436409,,,,0.08256200759126114,-8.492856525667367,0.0
B_COST,-1.0837900371207712,,,,0.06822502323905004,-15.885520966747592,0.0
B_TIME,-1.277858956519671,,,,0.10425441894960284,-12.257120315805462,0.0
