{
  "closure_calls": 264,
  "loss_history": [
    4991.7946993064725,
    27284.23703532259,
    4008.452214676362,
    3896.3870896011695,
    3637.6815024919642,
    3456.223581680309,
    3251.898672945812,
    3244.4151685167653,
    3209.6452298503964,
    3182.249488862597,
    3172.561905416211,
    3156.7658381855817,
    3137.6757158829632,
    3101.4372948930068,
    3078.706787494799,
    3055.8606087273515,
    3043.384822800308,
    3025.8364133098867,
    3005.448580666186,
    2973.4058540590386,
    2944.2632091460237,
    2925.505893122876,
    2915.0028116406247,
    2898.7665218217176,
    2891.3625626042585,
    2885.1887044401046,
    2877.473076936836,
    2863.7074471182773,
    2844.9601420619338,
    2823.157676996614,
    2803.5722159651064,
    2795.914563322117,
    2791.403876102243,
    2785.0624626192575,
    2778.6432510092927,
    2772.781595057701,
    2767.277075487717,
    2765.5753968349522,
    2764.534695748128,
    2763.444255921443,
    2761.8212609360817,
    2760.040193077689,
    2755.285639516941,
    2751.7137563601145,
    2748.0043980018904,
    2744.0188126208936,
    2742.227801658205,
    2741.735349344581,
    2741.261903698428,
    2740.7684653242304,
    2740.14604284118,
    2738.4841007052214,
    2735.3223824978345,
    2731.547168770095,
    2726.898529842121,
    2722.5486337404946,
    2720.5569425721706,
    2720.071246311034,
    2719.722687272388,
    2718.9298551651823,
    2717.3919647838397,
    2714.989015355883,
    2712.43401385076,
    2711.680998822886,
    2711.5227655004137,
    2711.4501545023168,
    2711.3212500055415,
    2711.066861698203,
    2710.5615261068933,
    2709.564396574231,
    2707.8185567866367,
    2705.810859627446,
    2704.1663409144294,
    2703.445811805688,
    2703.0338472685326,
    2702.7240575459114,
    2702.176284485359,
    2701.1336161976756,
    2699.2848353146583,
    2696.5940935995895,
    2693.0219322660178,
    2691.8712113372558,
    2691.657196192673,
    2691.3344206272354,
    2691.1273317198193,
    2690.5036105616873,
    2689.1074317286134,
    2687.4037525806943,
    2685.7505054372887,
    2684.801305337581,
    2684.1441456851403,
    2683.612539730545,
    2682.644922444684,
    2681.261255986892,
    2679.5775377389446,
    2678.519500580576,
    2678.2139865072795,
    2678.1597155981226,
    2678.111653546858,
    2678.0441302062472,
    2677.874496572341,
    2677.525371174497,
    2676.791840203045,
    2675.5393953261323,
    2674.0226031550155,
    2673.107682697675,
    2672.927152044631,
    2672.8239632609816,
    2672.81469699011,
    2672.7975568483535,
    2672.730614012303,
    2673.0313490469225,
    2672.6747970634806,
    2672.547335075432,
    2671.480568437937,
    2670.390794987904,
    2669.0510745899255,
    2667.3910233314127,
    2666.600512775517,
    2666.061785780498,
    2665.6927215808787,
    2665.5540278222143,
    2665.3782227130987,
    2665.3027291841818,
    2665.253180465296,
    2665.1273612513564,
    2664.855466009385,
    2664.313897225306,
    2663.4768547577596,
    2661.278644404111,
    2660.396144449989,
    2659.7617167236176,
    2659.6576463027222,
    2659.6321370911146,
    2659.623541818526,
    2659.6164421320436,
    2659.5943061562284,
    2659.5140359078478,
    2659.3008819708684,
    2658.788386001456,
    2657.640278093912,
    2655.882106701709,
    2654.203303204168,
    2653.321763869487,
    2653.2440184898514,
    2652.9204078592406,
    2652.8451725828554,
    2652.78590902038,
    2652.7316968915557,
    2652.7164332789075,
    2652.709982470563,
    2652.705843630879,
    2652.6983910695144,
    2652.6844567256558,
    2652.6551425446314,
    2652.5824918687185,
    2652.4729018452617,
    2652.283892333153,
    2651.8806896847136,
    2651.709397611573,
    2651.846902123739,
    2651.692068264616,
    2651.65319933697,
    2651.6454265752204,
    2651.642474855401,
    2651.6390689330456,
    2651.6281685330655,
    2651.6090634287784,
    2651.538636635391,
    2651.427357160884,
    2651.197055169856,
    2650.8531541373804,
    2650.3870795486446,
    2649.6855090518593,
    2649.2426577747165,
    2649.128439504612,
    2649.0833413411638,
    2649.0724110752158,
    2649.067319146332,
    2649.053814085438,
    2649.0276015318113,
    2648.926087747675,
    2648.7223839650146,
    2648.258821813387,
    2648.0211969209277,
    2647.6065730003816,
    2647.4904673049177,
    2647.457563869539,
    2647.4415689314237,
    2647.3964165189473,
    2648.2606964383117,
    2647.325640247117,
    2659.711262944315,
    2647.320112198955,
    2647.288584002489,
    2647.253154580367,
    2647.238641465773,
    2647.2183920814687,
    2647.1809795589893,
    2647.0292167339376,
    2646.8084107861746,
    2646.512293131977,
    2646.363368921254,
    2646.3173415351193,
    2646.309741781065,
    2646.306257267188,
    2646.3018500797607,
    2646.285569513118,
    2646.2475545496163,
    2646.147572698379,
    2645.9226031205035,
    2645.476191792508,
    2644.8116317206495,
    2644.6369415747395,
    2644.19610741013,
    2644.0781108607475,
    2644.056073393336,
    2644.0478318072846,
    2644.045432743451,
    2644.043229343464,
    2644.0422902248993,
    2644.03973282623,
    2644.036473951074,
    2644.026749058932,
    2643.9980997131984,
    2643.9195574009846,
    2643.975844779054,
    2643.8597664993927,
    2643.6660107533803,
    2643.633309938881,
    2643.3041663763925,
    2643.391504195357,
    2643.1931865298748,
    2643.022686110384,
    2643.3328502513755,
    2642.9665581014615,
    2642.8699792181264,
    2642.816727335916,
    2642.768985698431,
    2642.7498077070777,
    2642.744818167975,
    2642.740901897959,
    2642.739105478335,
    2642.7344023160804,
    2642.727948055127,
    2642.8461663285643,
    2642.723732421942,
    2642.710507572766,
    2642.6352724004446,
    2642.510559573713,
    2642.391820653615,
    2642.1856140585714,
    2642.0436441268025,
    2642.021721865941,
    2642.0215965376874,
    2642.018034290556,
    2642.0146850017727,
    2642.0106980026453,
    2642.000978954544,
    2641.979180589714,
    2641.929749657661,
    2641.8366066116087,
    2641.6326939375504,
    2640.9496828931124
  ]
}