{
  "n_rows": 6400,
  "n_valid_rows": 6400,
  "n_block_templates": 100,
  "mean_exact_repeat_flip_rate": 0.09208333333333332,
  "mean_response_entropy": 0.10143465745148074,
  "mean_intervention_gap_tv": 0.06458333333333334,
  "mean_excess_intervention_gap": -0.06215277777777777,
  "h0_test": {
    "n_templates": 100,
    "bootstrap_repetitions": 200,
    "mean_excess_gap": -0.06215277777777777,
    "bootstrap_mean_excess_gap": -0.06223680555555555,
    "bootstrap_ci_lower": -0.08105208333333332,
    "bootstrap_ci_upper": -0.04650347222222221,
    "rejects_pure_randomness_h0": false
  }
}