parameter,value,std_err,t_stat,p_value,robust_std_err,robust_t_stat,robust_p_value
ASC_CAR,-0.13353073179130923,0.06484001875722155,,,,,
ASC_TRAIN,1.164237510684305,0.06430044244900569,,,,,
B_COST,-1.3781942139078953,0.09830604528012298,,,,,
B_TIME,0.25047321060734146,0.06409443787508326,,,,,
