parameter,human_value,human_std_err,t_stat_x,human_p_value,robust_std_err_x,robust_t_stat_x,robust_p_value_x,ai_value,ai_std_err,t_stat_y,ai_p_value,robust_std_err_y,robust_t_stat_y,robust_p_value_y,human_sign,ai_sign,sign_match,abs_diff
ASC_CAR,-0.1546326719892632,0.0581634159301985,,,,,,-0.1330806700037454,0.0648178918338751,,,,,,-1,-1,True,0.021552001985517794
ASC_TRAIN,-0.7011872849436409,0.0825620075912611,,,,,,1.1644354156811183,0.0642744715851042,,,,,,-1,1,False,1.8656227006247592
B_COST,-1.0837900371207712,0.06822502323905,,,,,,-1.3775293186695703,0.0982715351870554,,,,,,-1,-1,True,0.29373928154879914
B_TIME,-1.277858956519671,0.1042544189496028,,,,,,0.2502553731217474,0.0640482869796609,,,,,,-1,1,False,1.5281143296414184
