alternative_name,human_share,ai_share,share_diff
CAR,0.26152482269503546,0.18011229314420804,-0.08141252955082742
SWISSMETRO,0.6043144208037825,0.14317375886524822,-0.4611406619385343
TRAIN,0.13416075650118203,0.6767139479905437,0.5425531914893618
