{
  "n_compared_parameters": 4,
  "n_sign_matches": 2,
  "sign_match_rate": 0.5,
  "mean_abs_difference": 0.9272570784501237,
  "human_time_cost_ratio": 1.1790650520413244,
  "ai_time_cost_ratio": -0.18166972544979745,
  "human_final_loglikelihood": -5331.252006916162,
  "ai_final_loglikelihood": -5189.171609074464,
  "time_cost_ratio_difference": -1.3607347774911218
}