parameter,value,std_err,t_stat,p_value,robust_std_err,robust_t_stat,robust_p_value
ASC_CAR,-0.15463267198926325,0.05816341593019853,,,,,
ASC_TRAIN,-0.7011872849436409,0.08256200759126114,,,,,
B_COST,-1.0837900371207712,0.06822502323905004,,,,,
B_TIME,-1.277858956519671,0.10425441894960284,,,,,
