parameter_name,estimate,std_error,z_value,p_value
ASC_PT,1.1390923557296826,0.2885429665608255,3.9477391159682256,7.889270629075745e-05
ASC_CAR,2.957390663756855,0.2885199592027003,10.250211707811639,1.1808461324959308e-24
B_COST,-0.07345210474270296,0.013886245880742894,-5.289558126330209,1.2261221278875852e-07
B_TIME_PT,-0.026825409006164144,0.008554494037285441,-3.135826489473658,0.001713705598922382
B_TIME_CAR,-0.035288774438309335,0.0022649246484021807,-15.580551195468795,9.869998966760696e-55
B_WAIT,-0.04419605042202748,0.043541993280286406,-1.0150212953626356,0.31009567648003455
B_DIST,-0.06787342846277027,0.004971232851910312,-13.65323864012693,1.9310207172370102e-42
