{
  "run_label": "ai_run_03",
  "n_compared_parameters": 4,
  "n_sign_matches": 4,
  "sign_match_rate": 1.0,
  "human_time_cost_ratio": 1.1790650520413244,
  "ai_time_cost_ratio": 12.176601162816187,
  "time_cost_ratio_difference": 10.997536110774863
}