{
  "experiment_name": "20260329_public_reverse_engineered_panel_mnl_biogeme_v1",
  "dataset_role": "ai",
  "run_id": 3,
  "model_name": "swissmetro_mnl_ai_run_03",
  "n_observations": 6768,
  "n_respondents": 752,
  "null_loglikelihood": -6982.908909057054,
  "final_loglikelihood": -5746.913402537184,
  "rho_square": 0.1770029543012862,
  "rho_bar_square": 0.1764301271239459,
  "n_parameters": 4,
  "number_of_threads": 27,
  "estimated_at_utc": "2026-03-28T21:30:41.347588+00:00",
  "choice_counts": {
    "TRAIN": 937,
    "SWISSMETRO": 4114,
    "CAR": 1717
  }
}