parameter_name,estimate,std_error,z_value,p_value,robust_std_error,robust_z_value,robust_p_value
ASC_CAR,-0.5518201046452106,,,,0.03604933555731978,-15.307358543898712,0.0
ASC_TRAIN,-1.189577737144672,,,,0.046488794533295,-25.588483183677813,0.0
B_COST,-0.033222256793582115,,,,0.003961132600226378,-8.387060001900332,0.0
B_TIME,-0.4045341707041098,,,,0.03808165112866104,-10.622810690045133,0.0
