parameter_name,estimate,std_error,z_value,p_value,robust_std_error,robust_z_value,robust_p_value
ASC_CAR,-0.447852056987927,,,,0.03612330391398607,-12.397870860714086,0.0
ASC_TRAIN,-1.1196980083987138,,,,0.04624095096121004,-24.21442433867743,0.0
B_COST,-0.033855925196444196,,,,0.004424364537318523,-7.6521554476076865,1.9761969838327786e-14
B_TIME,-0.4379397211429081,,,,0.0374146073520032,-11.705046561699666,0.0
