{
  "n_rows_after_cleaning": 884,
  "n_selected_indicators": 6,
  "selected_indicators": [
    "Envir01",
    "Mobil05",
    "LifSty07",
    "Envir05",
    "Mobil12",
    "LifSty01"
  ],
  "choice_share": {
    "0": 0.248868778280543,
    "1": 0.6911764705882353,
    "2": 0.05995475113122172
  }
}