{
  "closure_calls": 253,
  "loss_history": [
    59.20099919438014,
    200.25528479320508,
    37.220366631210354,
    31.782936955179064,
    31.54017940569574,
    30.348205295598703,
    28.406044869798656,
    24.27690280697796,
    23.791094142645438,
    23.405148858816865,
    23.26104114594276,
    22.99018515069231,
    22.685654130308876,
    21.71855381072848,
    20.70573360706969,
    20.010180605888735,
    19.33570840350432,
    18.783635923866512,
    18.27962876998631,
    17.174665306939847,
    16.17145229173752,
    15.52971531835362,
    15.215999218872634,
    15.025509471942714,
    14.827314909226821,
    14.718853737681293,
    14.594433547426934,
    14.402420585118481,
    14.062915626912572,
    14.4592248627196,
    13.9599014281352,
    13.613142602378428,
    13.273056666668023,
    14.823862963795985,
    12.888477611051956,
    12.751654352614995,
    12.114496804362513,
    11.31675881121409,
    10.880985100392678,
    10.983226643127026,
    10.697380336410014,
    10.626131575925754,
    10.581084947548238,
    10.542303540296356,
    10.452556705064138,
    10.377187531396492,
    10.317281308708917,
    10.237189357794612,
    10.119765412250418,
    9.975746871034591,
    9.75722232149166,
    9.538671253611483,
    11.569115360029299,
    9.396180375388365,
    9.22753572411592,
    9.077830528604625,
    9.579635132550736,
    8.861107953089746,
    8.828831254020972,
    8.780361820953255,
    8.752011226922516,
    8.57666716582121,
    148.24238981230198,
    14.841557749000565,
    8.480112206739573,
    8.415635564326442,
    8.35797720485966,
    8.296259583909864,
    8.21257882995815,
    8.16666665340145,
    8.30991765517497,
    8.080998711235523,
    8.001069577823483,
    10.270464874168463,
    7.986300363048141,
    7.971060680179046,
    7.96120692015565,
    7.950740871503788,
    7.925923190662168,
    7.903505548976477,
    7.887782493339361,
    7.878373116411449,
    7.868968905224639,
    7.866506488213918,
    7.861590382865987,
    7.859179882236819,
    7.8509899878809,
    7.831070207078959,
    7.757345120256236,
    40.01954358252203,
    7.752859678537474,
    7.718688696777509,
    7.717834451105098,
    7.707811978440205,
    8.67164417366271,
    7.616861015636421,
    7.589642393747123,
    7.58673856270867,
    7.582955572189925,
    7.5790947233790655,
    7.439991618129564,
    7.392202162530102,
    646.345699398168,
    7.372823454586738,
    6003.15933879797,
    7.37281462614799,
    55.52558915458379,
    7.372800390815403,
    7.384289340376724,
    7.372602818021326,
    7.3616305014894685,
    11.916710613330627,
    7.35055278556697,
    7.336593117221668,
    7.31111001886067,
    7.637570413301318,
    7.3089153054476625,
    7.299565486678853,
    7.307074030538579,
    7.297085296788596,
    7.296244917809625,
    7.293803824402086,
    7.29329247876,
    7.2928568671119915,
    7.292749146512907,
    7.292655477544747,
    7.292520942251011,
    7.292392142338308,
    7.292296388538812,
    7.292193944484712,
    7.292021475350966,
    7.291728016618706,
    7.274573782259645,
    7.273672834419429,
    7.250827248865459,
    7.23093576318557,
    7.22986594477385,
    7.229244770345648,
    7.229174226166256,
    7.229161685237093,
    7.2291075663346,
    16.53883613959154,
    7.262956707454158,
    7.229117375100351,
    7.229103240350315,
    7.22789186245552,
    7.226725558381797,
    7.226597214437891,
    7.226559924487622,
    7.226412037758525,
    7.2258742777637535,
    7.225479486306016,
    7.225672315740941,
    7.225380337700514,
    7.22533725448997,
    7.225154926954767,
    7.225141830131922,
    7.2251031856192105,
    7.2250435530688355,
    7.224970123596768,
    7.224910261656702,
    7.224861634232205,
    7.224838254000331,
    7.22483216046335,
    7.224805921802769,
    7.223437195451568,
    7.2233830815633,
    30.716283426916135,
    7.223353173121236,
    7.21647569559944,
    7.216247180835534,
    7.2054212007828085,
    7.20527904633779,
    7.201437931962847,
    7.201106423525756,
    7.2011043707463935,
    509605.1623220705,
    7.201104300094322,
    7.200747162450136,
    7.1994008752946,
    7.192168332238473,
    7.191275224137753,
    7.1903853836850296,
    7.190076665224054,
    7.189917366547377,
    7.189854407489057,
    7.189822520539522,
    7.189809990445143,
    7.189807151843267,
    7.189805280328365,
    7.189802471061986,
    7.189798087659584,
    7.189792063991105,
    7.189784764965859,
    7.189772775202463,
    7.189751297704486,
    7.189728053089352,
    7.189723633923885,
    7.189721940532875,
    7.189720916691228,
    7.189714955890476,
    7.189707499719015,
    7.189701667236303,
    7.189698802911813,
    7.189693651203239,
    7.162190574349006,
    282.32373999117283,
    7.161862926704097,
    7.156453992705369,
    7.155872764754103,
    7.155852869028193,
    7.155837927981395,
    1577714.6198702538,
    7.1558379279694355,
    3309.2671671459075,
    7.155837927881292,
    70.862378650488,
    7.155837927866645,
    7.1560192782720335,
    7.155837935057731,
    7.155837884514392,
    7.155829199473484,
    7.155808394486683,
    7.155801700986394,
    7.155797595377293,
    7.155795484164714,
    7.1557937953997275,
    7.155783399101685,
    6.93986837963289,
    6.924319186993164,
    6.488925920943267,
    6.4795176464292545,
    362.6879111990579,
    6.47677287840491,
    12.045422813655685,
    6.4738749046187785,
    6.466144763078358,
    6.465935343977486,
    6.46492979910596,
    6.464482866985655,
    6.4644826851382255,
    355735253.410566,
    177869475.85618708,
    88936587.07899752,
    44470142.69040276,
    22236920.496105388,
    11120309.398956697,
    5562003.850382352,
    2782851.0760951806,
    1393274.68876113,
    698480.8334668614,
    350405.0960044103,
    6.464482685080782
  ]
}