parameter_name,estimate,std_error,z_value,p_value
ASC_PT,2.488190975006061,0.022462214811241044,110.77229008427365,0.0
ASC_CAR,2.5404320258208477,0.17129482698367168,14.830757417227836,9.268127633078833e-50
B_COST,0.024785738121413683,0.01983014668713119,1.249901905037265,0.21133538344114633
B_TIME_PT,-0.007957999493619614,0.004605299108476878,-1.7280092576335575,0.08398656464403954
B_TIME_CAR,-0.010013481231183442,0.008255645503731705,-1.2129252917481936,0.2251583848793266
B_WAIT,0.009190073084071635,0.013200341830957453,0.6961996289004477,0.4863038200504103
B_DIST,-0.007478320377193227,0.008381061628695528,-0.8922879592710012,0.3722386063935581
