respondent_id,most_likely_state,posterior_c1_s1,posterior_c1_s2,posterior_c2_s1,posterior_c2_s2,posterior_c3_s1,posterior_c3_s2
DS0001_R1,2,0.06526668093581818,0.02699151055297559,0.6447281046527746,0.26301370385846456,0.0,0.0
DS0001_R2,2,0.06526668093581818,0.02699151055297559,0.6447281046527746,0.26301370385846456,0.0,0.0
QW0001_R1,4,0.0,0.0,0.0,0.0,0.9940881548840904,0.005911845115909557
QW0001_R2,4,0.0,0.0,0.0,0.0,0.9940881548840904,0.005911845115909557
