state_id,preference_class,scale_class,scale_value,posterior_mass,sign_mismatches,normalized_coefficient_distance,mode_share_deviation,label_flip_rate,order_flip_rate,monotonicity_compliance_rate,dominance_violation_rate,confidence_mean,choice_share_PT,choice_share_CAR,choice_share_SLOW_MODES,ASC_PT_estimate,ASC_CAR_estimate,B_COST_estimate,B_TIME_PT_estimate,B_TIME_CAR_estimate,B_WAIT_estimate,B_DIST_estimate,regime_label
C1_S1,1,1,1.0,0.03263334046790909,2,22.303712100317536,0.5614406779661016,0.0,1.0,1.0,1.0,4.0,0.875,0.125,0.0,0.7333636579085565,2.038053197622277,7.502927414027296,-0.05664846457446383,-0.528962187206753,-1.0106310370471725,-1.290222132804119,label_sensitive
C1_S2,1,2,5.271002120513876,0.013495755276487794,2,22.303712100317536,0.5614406779661016,0.0,1.0,1.0,1.0,4.0,0.875,0.125,0.0,0.7333636579085565,2.038053197622277,7.502927414027296,-0.05664846457446383,-0.528962187206753,-1.0106310370471725,-1.290222132804119,label_sensitive
C2_S1,2,1,1.0,0.3223640523263873,2,17.666970250842564,0.5614406779661016,0.0,1.0,1.0,1.0,4.0,0.875,0.125,0.0,1.0930457138725191,2.1041721302516607,5.544768025033242,-0.049232582505428966,-0.6155861892705843,-1.042053966270318,-1.5721873632615675,label_sensitive
C2_S2,2,2,5.271002120513876,0.13150685192923228,2,17.666970250842564,0.5614406779661016,0.0,1.0,1.0,1.0,4.0,0.875,0.125,0.0,1.0930457138725191,2.1041721302516607,5.544768025033242,-0.049232582505428966,-0.6155861892705843,-1.042053966270318,-1.5721873632615675,label_sensitive
C3_S1,3,1,1.0,0.4970440774420452,2,12.258630105797247,0.24929378531073446,0.0,0.0,1.0,0.0,5.0,0.125,0.875,0.0,1.311955526645982,1.2308601758814446,-1.4817236559780285,-1.2044277621311719,-0.6700944931473084,0.13563685667235204,-3.8415039841261582,human_like_tradeoff
C3_S2,3,2,5.271002120513876,0.0029559225579547784,2,12.258630105797247,0.24929378531073446,0.0,0.0,1.0,0.0,5.0,0.125,0.875,0.0,1.311955526645982,1.2308601758814446,-1.4817236559780285,-1.2044277621311719,-0.6700944931473084,0.13563685667235204,-3.8415039841261582,human_like_tradeoff
