{
  "n_rows": 7680,
  "n_valid_rows": 7679,
  "n_block_templates": 120,
  "mean_exact_repeat_flip_rate": 0.06388888888888888,
  "mean_response_entropy": 0.07098460818608006,
  "mean_intervention_gap_tv": 0.007291666666666667,
  "mean_excess_intervention_gap": -0.07864583333333333,
  "h0_test": {
    "n_templates": 120,
    "bootstrap_repetitions": 200,
    "mean_excess_gap": -0.07864583333333333,
    "bootstrap_mean_excess_gap": -0.07893055555555556,
    "bootstrap_ci_lower": -0.09631076388888889,
    "bootstrap_ci_upper": -0.06213831018518518,
    "rejects_pure_randomness_h0": false
  }
}